,name,latitude,longitude,category
0,BeastyFeast,40.740583,-74.003878,basketball-court
1,The Salty Paw,40.707577,-74.001743,basketball-court
2,Biscuits & Bath,40.736371,-73.996113,basketball-court
3,Eva's Play Pups,40.722154,-73.959235,basketball-court
4,Dog Room Club,40.785382,-73.951538,basketball-court
5,Walter's Pet Styles,40.745053,-73.978287,basketball-court
6,Club Barks,40.714914,-74.043018,basketball-court
7,Wooftown,40.733568,-74.00395,basketball-court
8,Camp Canine,40.777866,-73.97817,basketball-court
9,Monster Mutt,40.685845,-73.991899,basketball-court
10,The Barker Lounge,40.658462,-74.285956,basketball-court
11,The Pawlour,40.659498,-73.991431,basketball-court
12,Paterson Bird Store,40.894968,-74.22577,basketball-court
13,Pet Supplies Plus,40.844761,-74.106314,basketball-court
14,Harlem Doggie Day Spa,40.825078,-73.943706,basketball-court
15,Pet Supplies Plus,40.721874,-74.333301,basketball-court
16,Biscuits & Bath,40.718324,-74.009108,basketball-court
17,Beasty Feast,40.734146,-74.006505,basketball-court
18,Dogma,40.730158,-74.004382,basketball-court
19,Puppy Loft,40.746792,-73.995781,basketball-court
20,Le Doggie Cool,40.719296,-73.960511,basketball-court
21,Kiki's Pet Spa & Boutique,40.689684,-73.969541,basketball-court
22,Gretch Pet Spa,40.708253,-73.956734,basketball-court
23,Lucy's Lucky Dogs,40.708559,-73.943262,basketball-court
24,Happy Dogs Long Island City,40.742949,-73.956195,basketball-court
25,Groomingdales,40.774584,-73.951647,basketball-court
26,D Is For Doggy,40.788612,-73.974,basketball-court
27,The Diamond Collar,40.622329,-74.004913,basketball-court
28,NY Dog Daycare,40.793186,-73.940254,basketball-court
29,The Bark Shoppe,40.802581,-73.952331,basketball-court
30,Shampooch,40.608468,-73.973838,basketball-court
31,Tommy's Pet Salon,40.824718,-73.988619,basketball-court
32,Pimp My Pooch,40.600898,-73.978942,basketball-court
33,My Best Friend Too,40.727083,-73.856186,basketball-court
34,Lisa's Pet Styles,40.822084,-73.943852,basketball-court
35,Bully Zone Pet Supplies,40.757345,-74.167111,basketball-court
36,Noelles Grooming Salon Noelle's Grooming,40.814579,-74.166617,basketball-court
37,NY Puppy Club,40.758077,-73.789746,basketball-court
38,Liberty Pet Grooming,40.693407,-74.23636,basketball-court
39,Bow Wow Wow Pet Groomers,40.596338,-74.182577,basketball-court
40,Hounds Town Bergen,40.888332,-74.080579,basketball-court
41,Modern Pet,40.778515,-73.777397,basketball-court
42,Pups At Play Montclair,40.815671,-74.209743,basketball-court
43,Preferred Pet Care,40.716139,-74.263131,basketball-court
44,Paramus Puppy Spa,40.921496,-74.06805,basketball-court
45,Charming Pet Grooming,40.711234,-74.310278,basketball-court
46,Once Upon A Tail,40.792368,-74.313541,basketball-court
47,VIPuppy Spa,40.721543,-74.335338,basketball-court
48,Cheekydog Doggy Daycare,40.70393,-73.987068,basketball-court
49,Downtown Woodys Grooming Salon,40.728285,-74.049691,basketball-court
0,Stuyvesant Town Basketball Courts,40.732345,-73.979407,basketball-court
1,Rucker Park Basketball Courts,40.829736,-73.936358,basketball-court
2,West 4th Street Courts,40.731228,-74.000757,basketball-court
3,Hudson River Park Basketball Court,40.718869,-74.012884,basketball-court
4,Dyckman Basketball Court,40.862664,-73.920891,basketball-court
5,Basketball Courts,40.725705,-74.011409,basketball-court
6,Jordan Terminal 23,40.749365,-73.990423,basketball-court
7,Marvin's Court,40.713892,-74.009456,basketball-court
8,Sugar NYC,40.709285,-74.006349,basketball-court
9,45 Wall Basketball Court,40.706223,-74.00985,basketball-court
10,15 William Basketball Court,40.705347,-74.010339,basketball-court
11,Lehman High School Gym,40.70576,-74.014981,basketball-court
12,Masaryk Basketball,40.717374,-73.980524,basketball-court
13,BTSH Hockey League,40.724199,-73.981446,basketball-court
14,Zogsports- Stuyvesant Town Bball Court,40.731429,-73.981379,basketball-court
15,Playground 9- Basketball Court/Sprinklers,40.732173,-73.979793,basketball-court
16,William Sheridan Courts,40.715371,-73.964778,basketball-court
17,Church Square Park Basketball Courts,40.741938,-74.031314,basketball-court
18,Basketball Gym At The Dylan,40.746532,-73.985464,basketball-court
19,McCarren Park Basketball Courts,40.71699,-73.956722,basketball-court
20,Madison Club,40.750471,-73.993437,basketball-court
21,The Post,40.725252,-73.954334,basketball-court
22,Robert Moses Basketball Courts,40.748117,-73.968711,basketball-court
23,UN Basketball Courts,40.748064,-73.968665,basketball-court
24,14th Street Viaduct Basketball Court,40.754792,-74.034179,basketball-court
25,ABC Hoops NYC Midtown West Arena,40.763658,-73.990679,basketball-court
26,Harborview Basketball Courts,40.768133,-73.990644,basketball-court
27,LINC Basketball Court,40.74865,-73.942745,basketball-court
28,Queensbridge Basketball Courts,40.755053,-73.949454,basketball-court
29,Kosciuszko st payground nyc,40.693266,-73.928325,basketball-court
30,Charles Barkley Center,40.661693,-73.958035,basketball-court
31,NY Urban Basketball,40.785851,-73.974286,basketball-court
32,Valhalla Courts,40.636126,-74.020535,basketball-court
33,Trinity School - Advertising Basketball League,40.79047,-73.971143,basketball-court
34,Tilden Playground,40.649707,-73.932687,basketball-court
35,Aron Hall Basketball Courts,40.788057,-73.952428,basketball-court
36,North Meadow Basketball Courts,40.791165,-73.959323,basketball-court
37,Happy Warrior Playground Basketball Courts,40.79577,-73.96877,basketball-court
38,PS 145 Basketball Courts,40.798393,-73.965593,basketball-court
39,Franklin Plaza Ball Courts,40.79181,-73.943261,basketball-court
40,Riverside Park Basketball Courts,40.806162,-73.96983,basketball-court
41,Morningside Park Basketball Court,40.80306,-73.958646,basketball-court
42,Seth Low Basketball Court,40.603406,-73.985746,basketball-court
43,Marine Park Basketball Courts,40.608548,-73.936784,basketball-court
44,First Street Basketball Courts,40.646217,-74.134001,basketball-court
45,Queens BasketBall Court,40.768523,-73.868356,basketball-court
46,Riverbank State Park Athletics,40.826267,-73.956099,basketball-court
47,Boystown Gymnasium,40.768953,-74.151834,basketball-court
48,Roberto Clemente State Park,40.85254,-73.92169,basketball-court
49,EBC Rucker Park,40.829566,-73.936658,basketball-court
0,Metrograph,40.715144,-73.991174,vegan-restaurant
1,Sweetgreen,40.705613,-74.008517,vegan-restaurant
2,Sweetgreen,40.729937,-74.002583,vegan-restaurant
3,Le Botaniste,40.720398,-74.000286,vegan-restaurant
4,Sweetgreen,40.738172,-73.991337,vegan-restaurant
5,Hudson Clearwater,40.731169,-74.006867,vegan-restaurant
6,Nish Nush,40.709455,-74.008014,vegan-restaurant
7,Sweetgreen,40.702778,-73.989816,vegan-restaurant
8,Public Records,40.682166,-73.98639,vegan-restaurant
9,Sweetgreen,40.733936,-73.992393,vegan-restaurant
10,Sweetgreen,40.739288,-74.005879,vegan-restaurant
11,Jajaja,40.729852,-74.004585,vegan-restaurant
12,Lekka Burger,40.715049,-74.010549,vegan-restaurant
13,Sweetgreen,40.715873,-73.959168,vegan-restaurant
14,Spicy Moon Vegeta,40.726634,-73.987129,vegan-restaurant
15,Sweetgreen,40.744935,-73.988633,vegan-restaurant
16,Spicy Moon Vegan,40.729301,-73.998192,vegan-restaurant
17,Soda Club,40.726672,-73.979753,vegan-restaurant
18,Clementine Bakery,40.687581,-73.959514,vegan-restaurant
19,Planta Queen,40.74441,-73.988319,vegan-restaurant
20,Sweetgreen,40.752533,-73.987009,vegan-restaurant
21,Kimbap Lab,40.716206,-73.959791,vegan-restaurant
22,Bunna Cafe,40.704924,-73.927895,vegan-restaurant
23,Red Bamboo,40.731292,-74.000367,vegan-restaurant
24,Zooba,40.72118,-73.997304,vegan-restaurant
25,Beyond Sushi Herald Square,40.752383,-73.988576,vegan-restaurant
26,Modern Love Brooklyn,40.709803,-73.951208,vegan-restaurant
27,Franchia,40.747505,-73.981396,vegan-restaurant
28,Natural Blend,40.673855,-73.962778,vegan-restaurant
29,Wild Ginger Vegetarian Kitchen,40.7205,-73.996536,vegan-restaurant
30,Dun-Well Doughnuts,40.707453,-73.940252,vegan-restaurant
31,Buddha Bodai,40.713803,-73.998847,vegan-restaurant
32,Hangawi,40.746764,-73.984862,vegan-restaurant
33,sweetgreen,40.715159,-74.034124,vegan-restaurant
34,Beyond Sushi,40.763269,-73.97712,vegan-restaurant
35,Dirt Candy,40.717852,-73.990757,vegan-restaurant
36,Guevara’s,40.687921,-73.96293,vegan-restaurant
37,Etérea,40.724686,-73.983697,vegan-restaurant
38,Le Petit Monstre,40.696201,-73.967787,vegan-restaurant
39,Sweetgreen,40.752639,-74.001035,vegan-restaurant
40,Ras Plant Based,40.673368,-73.956829,vegan-restaurant
41,Sweetgreen,40.767052,-73.956819,vegan-restaurant
42,Jajaja Mexicana,40.720173,-73.961701,vegan-restaurant
43,Peacefood Cafe,40.785289,-73.977105,vegan-restaurant
44,Delice & Sarrasin,40.733709,-74.000768,vegan-restaurant
45,The Hummus & Co - Ave,40.739182,-73.995875,vegan-restaurant
46,Izzy Rose,40.686903,-73.962672,vegan-restaurant
47,Pet Shop,40.721303,-74.04607,vegan-restaurant
48,The Butcher's Daughter,40.72071,-73.994754,vegan-restaurant
49,The Cliff,40.749215,-74.041391,vegan-restaurant
0,The Up and Up,40.729613,-74.000606,club
1,Village Vanguard,40.736003,-74.001688,club
2,The Royal Palms Shuffleboard Club,40.678593,-73.986948,club
3,Brouwerij Lane,40.729742,-73.957869,club
4,Le Bain,40.740795,-74.007991,club
5,Goldie's,40.72571,-73.945272,club
6,Birdland,40.759098,-73.98967,club
7,Tao Downtown,40.742413,-74.004038,club
8,As Is NYC,40.764662,-73.991461,club
9,Barbes,40.667789,-73.983821,club
10,House of Yes,40.706711,-73.923555,club
11,Bonnie Vee,40.722402,-73.992027,club
12,Karaoke Duet 53,40.764316,-73.984282,club
13,Pearl's Social & Billy Club,40.707145,-73.921262,club
14,169 Bar,40.713955,-73.989791,club
15,Stonewall Inn,40.733886,-74.002172,club
16,The Narrows,40.704146,-73.930789,club
17,The Carnegie Club,40.764334,-73.979652,club
18,STK,40.739906,-74.007332,club
19,Indoors at Nowadays,40.692844,-73.901482,club
20,Mercury Lounge,40.722113,-73.986777,club
21,Rudy's Bar & Grill,40.760014,-73.991715,club
22,The Frying Pan,40.752274,-74.00849,club
23,Duff's,40.708761,-73.957888,club
24,The Eagle,40.751736,-74.00445,club
25,Good Room,40.726855,-73.952868,club
26,Nublu,40.725644,-73.977967,club
27,Bossa Nova Civic Club,40.69791,-73.928065,club
28,The Duplex,40.733762,-74.002493,club
29,Sugar Monk,40.808914,-73.951744,club
30,The Core Club,40.760528,-73.972688,club
31,Ty's,40.733099,-74.005328,club
32,Bembe,40.711155,-73.965138,club
33,Canal Bar,40.678028,-73.985922,club
34,Valhalla,40.765959,-73.987405,club
35,Blew Smoke,40.68002,-73.96402,club
36,Clandestino,40.71467,-73.990763,club
37,The Box,40.72187,-73.992211,club
38,Bed-Vyne Cocktail,40.682963,-73.940713,club
39,Biddy's Pub,40.781073,-73.949143,club
40,Trans Pecos,40.697082,-73.906395,club
41,Carolines On Broadway,40.760921,-73.984106,club
42,Larry Flynt's Hustler Club,40.767455,-73.995941,club
43,Mamajuana Cafe Queens,40.752894,-73.904733,club
44,TBA Brooklyn,40.711125,-73.966271,club
45,Nowhere,40.73184,-73.984146,club
46,The Sackett,40.678022,-73.982172,club
47,Xstasy Night Club,40.65855,-73.996581,club
48,Union League Club,40.748937,-73.980317,club
49,Marquee,40.75004,-74.002688,club
0,Fiorello H. LaGuardia High School,40.774004,-73.985273,school
1,Townsend Harris High S,40.734939,-73.821328,school
2,P.S. 11 - William T. Harris School,40.744393,-74.000666,school
3,Brooklyn Technical High School,40.688885,-73.976605,school
4,Ps 133 William A Butler,40.680165,-73.980642,school
5,Public School 11,40.685519,-73.966021,school
6,Ps 282 Park Slope,40.676576,-73.977798,school
7,Urban Assembly Unison School,40.68486,-73.960456,school
8,Public School 9,40.678459,-73.965965,school
9,Ps 321 William Penn,40.671556,-73.978082,school
10,Primary Prep,40.726512,-74.066408,school
11,Success Academy Midtown West,40.763818,-73.990729,school
12,P.S. 111 Adolph S. Ochs,40.766111,-73.98977,school
13,High School for Environmental Studies,40.767871,-73.988529,school
14,Ps 452,40.771678,-73.987455,school
15,Ethical Culture School,40.770904,-73.98017,school
16,Ps 199 Jessie Isador Straus,40.77796,-73.984686,school
17,William T Sherman School,40.781918,-73.978022,school
18,New Heights Middle School,40.662211,-73.93665,school
19,Ps 290 Manhattan New School,40.775196,-73.952982,school
20,Marymount School/Pratt Mansions,40.779884,-73.961335,school
21,Brearley School,40.772588,-73.94554,school
22,Rodeph Sholom Day School,40.784157,-73.971029,school
23,Manhattan Country School,40.786383,-73.974569,school
24,West Side Montessori School,40.793054,-73.975441,school
25,St Ephrem School,40.625964,-74.015817,school
26,Public School 315,40.633066,-73.954535,school
27,Ps85q The Judge Charles Vallone School,40.772913,-73.915008,school
28,Elm Community Charter School,40.737539,-73.884172,school
29,Stem Institute Of Manhattan,40.801744,-73.95536,school
30,Public School 204,40.613675,-74.006225,school
31,Ps 193 Gil Hodges,40.621813,-73.950313,school
32,Public School 222,40.613717,-73.938853,school
33,P.S. 101 - The School In The Gardens,40.715229,-73.843273,school
34,Cardinal Hayes High School,40.820574,-73.925467,school
35,Sacred Heart School,40.807922,-74.117897,school
36,Sheepshead Bay High School,40.593315,-73.936508,school
37,Dos Puentes Elementary School,40.8505,-73.93406,school
38,Public School 138,40.822409,-73.853233,school
39,Berkeley Elementary School,40.786178,-74.193187,school
40,Francis Lewis High School,40.740785,-73.795165,school
41,Hawthorne High School,40.953541,-74.159833,school
42,Academy for Personal Leadership and Excellence,40.85959,-73.900156,school
43,Staten Island Technical High School,40.567982,-74.115724,school
44,Monsignor Scanlan High School,40.825237,-73.837808,school
45,St Kevin's School,40.754223,-73.786422,school
46,Demarest Elementary School,40.824463,-74.178274,school
47,North Star Academy Charter,40.74492,-74.232932,school
48,Public School 72,40.822988,-73.818088,school
49,Academy Of Mt St Ursula,40.868985,-73.885928,school
0,Starbucks,40.714207,-74.01571,starbucks
1,Starbucks,40.711052,-74.004848,starbucks
2,Starbucks,40.705271,-74.011165,starbucks
3,Starbucks,40.718209,-74.007401,starbucks
4,Starbucks,40.711646,-74.006792,starbucks
5,Starbucks,40.715787,-74.003246,starbucks
6,Starbucks,40.704517,-74.013099,starbucks
7,Starbucks,40.713737,-74.009232,starbucks
8,Starbucks,40.712073,-74.010911,starbucks
9,Starbucks,40.710914,-74.009905,starbucks
10,Starbucks,40.708829,-74.011219,starbucks
11,Starbucks,40.72065,-74.010859,starbucks
12,Starbucks,40.714792,-74.006131,starbucks
13,Starbucks,40.705266,-74.011339,starbucks
14,Starbucks,40.708392,-74.007449,starbucks
15,Starbucks,40.703248,-74.014139,starbucks
16,Starbucks,40.704832,-74.007482,starbucks
17,Starbucks,40.718878,-74.002626,starbucks
18,Starbucks,40.715528,-74.008823,starbucks
19,Starbucks,40.707166,-74.004956,starbucks
20,Starbucks,40.710262,-74.00809,starbucks
21,Starbucks,40.729189,-74.005033,starbucks
22,Starbucks,40.741678,-74.005275,starbucks
23,Starbucks,40.726299,-74.033087,starbucks
24,Starbucks,40.704571,-74.00913,starbucks
25,Starbucks,40.702689,-73.991078,starbucks
26,Starbucks,40.719677,-73.999035,starbucks
27,Starbucks,40.726818,-74.000234,starbucks
28,Starbucks,40.722501,-73.997905,starbucks
29,Starbucks,40.733063,-74.002707,starbucks
30,Starbucks,40.694525,-73.993898,starbucks
31,Starbucks,40.70286,-74.012553,starbucks
32,Starbucks,40.689028,-73.98583,starbucks
33,Starbucks,40.690745,-73.986159,starbucks
34,Starbucks,40.715882,-74.033323,starbucks
35,Starbucks,40.740498,-74.005054,starbucks
36,Starbucks,40.719481,-74.041718,starbucks
37,Starbucks,40.691703,-73.988596,starbucks
38,Starbucks,40.695038,-73.982924,starbucks
39,Starbucks,40.69121,-73.982905,starbucks
40,Starbucks,40.730042,-73.99164,starbucks
41,Starbucks,40.727217,-73.995491,starbucks
42,Starbucks,40.719332,-73.989898,starbucks
43,Starbucks,40.725812,-74.00552,starbucks
44,Starbucks,40.693128,-73.983766,starbucks
45,Starbucks,40.736948,-73.996704,starbucks
46,Starbucks,40.733035,-73.999737,starbucks
47,Starbucks,40.724786,-73.987668,starbucks
48,Starbucks Reserve,40.73667,-74.000784,starbucks
49,Starbucks Pick Up,40.734202,-73.992344,starbucks
0,Pet Food Express,37.78757,-122.446339,basketball-court
1,Pawtrero Hill BathHouse & Feed,37.78382,-122.389322,basketball-court
2,Wag Hotels San Francisco,37.768475,-122.414103,basketball-court
3,Wags Pet Wash & Boutique,37.793742,-122.421187,basketball-court
4,The Dog Barber,37.770428,-122.424897,basketball-court
5,Healthy Spot,37.772602,-122.391695,basketball-court
6,Wag Hotels Oakland,37.793147,-122.26523,basketball-court
7,Animal House,37.770924,-122.430374,basketball-court
8,The Pawington,37.641349,-122.40382,basketball-court
9,Groom,37.782831,-122.469349,basketball-court
10,Bernie's Grooming,37.766871,-122.412862,basketball-court
11,SF Puppy Love,37.779676,-122.401321,basketball-court
12,Russian Hill Dog Grooming Express,37.787221,-122.432987,basketball-court
13,Bubbles & Beans Laundromat,37.751867,-122.422367,basketball-court
14,Russian Hill Dog Grooming,37.798507,-122.419103,basketball-court
15,The Grateful Dog - Sf,37.800338,-122.43061,basketball-court
16,Kosita's Pet Grooming,37.73929,-122.417612,basketball-court
17,Fog City Dogs,37.738534,-122.403523,basketball-court
18,Top Dog Boutique & Grooming,37.780892,-122.473748,basketball-court
19,Ocean Paws by Expert Pet,37.724463,-122.459947,basketball-court
20,SF Dog Parlour,37.71117,-122.404061,basketball-court
21,Under One Woof,37.776584,-122.276901,basketball-court
22,Broadway Grooming Clinic,37.803034,-122.276276,basketball-court
23,All About the Dogue Salon & Spa,37.829573,-122.279174,basketball-court
24,Bliss Bound Hound,37.811891,-122.251023,basketball-court
25,Spaw Fitness,37.84754,-122.26528,basketball-court
26,Pet Stylist Heather Tuthill,37.826975,-122.252035,basketball-court
27,Drummond's Pet Grooming,37.737712,-122.240807,basketball-court
28,Blank & Cables,37.775821,-122.227782,basketball-court
29,Metro Dog,37.900604,-122.309856,basketball-court
30,Dog's Best Friend & The Cat's Meow,37.896177,-122.300622,basketball-court
31,Doggie Styles,37.897963,-122.535392,basketball-court
32,Poodles A LA Pamela,37.807264,-122.222046,basketball-court
33,Le Chien Fortune,37.612537,-122.404631,basketball-court
34,Petvet Petfood,37.92044,-122.3169,basketball-court
35,Tamalpais Dog Grooming,37.925803,-122.522653,basketball-court
36,Pet Choice,37.788266,-122.19591,basketball-court
37,Doggy Dog Grooming,37.944164,-122.328986,basketball-court
38,Jennifer's Pet Grooming,37.944348,-122.329141,basketball-court
39,Bark Station Pet Salon,37.579487,-122.344155,basketball-court
40,Avenue Pet Salon,37.577254,-122.348605,basketball-court
41,Dog Time,37.712368,-122.148475,basketball-court
42,Waiterock Pet Ranch,37.891971,-122.140096,basketball-court
43,Tender Loving Care Pets Grooming,37.696743,-122.115954,basketball-court
44,Fluff Dog Grooming,37.722823,-122.154805,basketball-court
45,San Francisco Pet Grooming,37.771458,-122.430164,basketball-court
46,Moulin Pooch San Francisco,37.768888,-122.436058,basketball-court
47,Wags,37.793872,-122.421194,basketball-court
48,Blank & Cables,37.755047,-122.412379,basketball-court
49,Pawz Spa Grooming,37.800011,-122.433171,basketball-court
0,Berry Basketball Courts,37.772031,-122.397898,basketball-court
1,Soma Rec Center,37.778838,-122.406328,basketball-court
2,Dolores Park Basketball Courts,37.760956,-122.427849,basketball-court
3,Hamilton Basketball Courts,37.784569,-122.435625,basketball-court
4,NBA Nation,37.759168,-122.412335,basketball-court
5,Arterra Mission Bay,37.771896,-122.397532,basketball-court
6,Golden Gate Park Panhandle Basketball Courts,37.771955,-122.445915,basketball-court
7,Alice Marble Basketball Court,37.801395,-122.420205,basketball-court
8,Al Kerr Court,37.763735,-122.45811,basketball-court
9,Bernal Heights Recreation Center,37.738385,-122.416197,basketball-court
10,Bay City Basketball Headquarters,37.781086,-122.468411,basketball-court
11,Baker Beach half court,37.791371,-122.480608,basketball-court
12,Basketball Courts,37.711444,-122.418046,basketball-court
13,Park Merced Basketball Courts,37.723387,-122.483572,basketball-court
14,St Thomas More Catholic School Basketball Court,37.712567,-122.473403,basketball-court
15,Rakuten Performance Center,37.802312,-122.274154,basketball-court
16,North Oakland,37.846557,-122.282237,basketball-court
17,San Pablo Park Basketball Court,37.853744,-122.282223,basketball-court
18,Mosswood Park Basketball Court,37.824629,-122.261518,basketball-court
19,Steph Curry Court,37.737088,-122.240843,basketball-court
20,Gymnasium,37.637546,-122.490837,basketball-court
21,We Basketball,37.876034,-122.271593,basketball-court
22,People's Park Basketball Court,37.86511,-122.254446,basketball-court
23,UPBasketball - Unlimited Potential Basketball,37.598384,-122.382474,basketball-court
24,Tuesday Basketball,37.937728,-122.311873,basketball-court
25,Assumption Gym,37.721238,-122.135988,basketball-court
26,She Got Game Basketball Camp San Francisco,37.784264,-122.446,basketball-court
27,Panhandle Basketball Courts,37.768679,-122.453452,basketball-court
28,SF State Basketball Camp,37.721007,-122.477128,basketball-court
29,Soldier Town,37.79303,-122.26475,basketball-court
0,Ananda Fuara,37.77789,-122.416164,vegan-restaurant
1,Sweetgreen,37.787182,-122.398432,vegan-restaurant
2,Beloved Cafe,37.752329,-122.419313,vegan-restaurant
3,Papalote Mexican Grill,37.751949,-122.420867,vegan-restaurant
4,Ike's Sandwiches,37.78512,-122.419889,vegan-restaurant
5,New Eritrea Restaurant & Bar,37.763808,-122.467787,vegan-restaurant
6,Udupi Palace,37.756812,-122.420939,vegan-restaurant
7,Besharam,37.754174,-122.389537,vegan-restaurant
8,Boogaloos,37.755614,-122.420797,vegan-restaurant
9,Greens Restaurant,37.807002,-122.432295,vegan-restaurant
10,Gracias Madre,37.761621,-122.419145,vegan-restaurant
11,Kasa Indian Eatery,37.76085,-122.433074,vegan-restaurant
12,Enjoy Vegetarian Restaurant,37.795717,-122.405173,vegan-restaurant
13,The Thonglor,37.787265,-122.410194,vegan-restaurant
14,Judahlicious,37.76076,-122.503997,vegan-restaurant
15,Mixt,37.758243,-122.421024,vegan-restaurant
16,VeganBurg,37.770198,-122.44667,vegan-restaurant
17,Ike's Sandwiches,37.671651,-122.470325,vegan-restaurant
18,Sweetgreen,37.789656,-122.391744,vegan-restaurant
19,Amy's Drive Thru,37.924548,-122.513179,vegan-restaurant
20,Bowl'd Korean Rice Bar,37.891011,-122.288186,vegan-restaurant
21,Shangri-La Vegan,37.83128,-122.276904,vegan-restaurant
22,Golden Lotus,37.80341,-122.270414,vegan-restaurant
23,Mixt,37.785581,-122.404432,vegan-restaurant
24,Pepples Donut Farm,37.843599,-122.28422,vegan-restaurant
25,Cafe del Soul,37.973691,-122.532213,vegan-restaurant
26,Long Life Vegi House,37.871446,-122.276569,vegan-restaurant
27,Wholesome Bakery,37.772015,-122.437462,vegan-restaurant
28,Cafe Del Soul,37.881187,-122.525345,vegan-restaurant
29,Millennium,37.847406,-122.251847,vegan-restaurant
30,Mixt,37.812266,-122.266476,vegan-restaurant
31,Thai Idea Vegetarian Restaurant,37.783391,-122.418998,vegan-restaurant
32,Peasant Pies,37.763748,-122.469001,vegan-restaurant
33,Nourish Cafe,37.785273,-122.464765,vegan-restaurant
34,Baia,37.77817,-122.421915,vegan-restaurant
35,Mr Dewie's Cashew Creamery,37.890152,-122.298262,vegan-restaurant
36,Sweetgreen,37.56332,-122.325896,vegan-restaurant
37,Donut Farm,37.795336,-122.393463,vegan-restaurant
38,The Plant Cafe Organic,37.79175,-122.402358,vegan-restaurant
39,Core Kitchen,37.804159,-122.27261,vegan-restaurant
40,Nourish Cafe,37.790628,-122.41706,vegan-restaurant
41,Lemat,37.8503,-122.271211,vegan-restaurant
42,Big Lantern Restaurant,37.764959,-122.423356,vegan-restaurant
43,Grilly's Mill Valley,37.89492,-122.532985,vegan-restaurant
44,Lion Dance Cafe,37.806124,-122.267772,vegan-restaurant
45,Neecha Thai,37.811936,-122.247365,vegan-restaurant
46,Obelisco Restaurant,37.77554,-122.224106,vegan-restaurant
47,The Green Enchilada,37.650934,-122.491922,vegan-restaurant
48,Hippie Thai Street Food,37.770291,-122.445887,vegan-restaurant
49,Ike's Sandwiches,37.869681,-122.268353,vegan-restaurant
0,Public Works,37.768956,-122.419363,club
1,Oasis,37.771782,-122.414442,club
2,Jolene's Bar,37.765554,-122.413429,club
3,The Great Northern,37.767481,-122.40659,club
4,Madrone Art Bar,37.774201,-122.437404,club
5,Club Six,37.781406,-122.40949,club
6,F8 1192 Folsom,37.775283,-122.409986,club
7,The View,37.785207,-122.404625,club
8,Midnight Sun,37.760801,-122.434146,club
9,Bay View Boat Club,37.771064,-122.386157,club
10,Underground SF,37.772415,-122.429244,club
11,Cat Club,37.775367,-122.409851,club
12,Sláinte,37.79598,-122.276658,club
13,Sundance Saloon,37.739852,-122.404675,club
14,El Lopo,37.788978,-122.42069,club
15,Blondie's Bar,37.764119,-122.421944,club
16,Beaux,37.763609,-122.434169,club
17,Monarch,37.780935,-122.408387,club
18,The Plough And Stars,37.783261,-122.460346,club
19,DNA Lounge,37.771002,-122.412675,club
20,Pier 23 Cafe,37.803372,-122.400748,club
21,Monroe,37.79795,-122.405017,club
22,Danzhaus Aka The Gingerbread House,37.750074,-122.396176,club
23,Southside Spirit House,37.787118,-122.397568,club
24,Bootie San Francisco,37.771002,-122.412675,club
25,MeloMelo Kava Bar,37.87119,-122.277394,club
26,Hello Stranger,37.806928,-122.269253,club
27,The Wreck Room,37.791186,-122.417021,club
28,White Horse Inn,37.851754,-122.260498,club
29,Ruby Room,37.801507,-122.263559,club
30,Radio,37.803291,-122.271125,club
31,Halcyon,37.771424,-122.41399,club
32,The Mint Karaoke Lounge,37.770221,-122.425889,club
33,Lookout,37.764363,-122.433282,club
34,Latin American Club,37.75544,-122.4205,club
35,1015 Folsom,37.778128,-122.405784,club
36,Death Guild,37.771067,-122.412679,club
37,Make-Out Room,37.755294,-122.419417,club
38,Raven Bar,37.775665,-122.408936,club
39,Space 550,37.739852,-122.404675,club
40,The Swingin' Door,37.545093,-122.304619,club
41,Beauty Bar,37.760396,-122.41893,club
42,Comet Club,37.798191,-122.435859,club
43,Condor Club,37.798052,-122.406673,club
44,Slate Bar,37.765048,-122.417914,club
45,Roccapulco,37.747169,-122.419129,club
46,Temple Nightclub,37.787904,-122.397112,club
47,Milk Bar,37.769544,-122.452651,club
48,Q Bar,37.761624,-122.435341,club
49,Hue SF,37.797934,-122.404801,club
0,City College of San Francisco Mission Campus,37.755083,-122.420049,school
1,Sunset Elementary School,37.750835,-122.499678,school
2,Chinese American International School,37.775275,-122.422111,school
3,Children's Day School,37.764166,-122.425172,school
4,Creative Arts Charter School,37.779853,-122.435776,school
5,McKinley Elementary School,37.767045,-122.436236,school
6,Gateway High School,37.783164,-122.437334,school
7,Pacific Primary School,37.775584,-122.441615,school
8,Live Oak School,37.763563,-122.399263,school
9,Harvey Milk Civil Rights Academy,37.759027,-122.436406,school
10,Chinese Immersion School at De Avila,37.769696,-122.444276,school
11,San Francisco Day School,37.778074,-122.446636,school
12,Raoul Wallenberg Traditional High School,37.780367,-122.446127,school
13,Lycee Francais La Perouse,37.768003,-122.446755,school
14,Daniel Webster Elementary SCHL,37.760539,-122.396075,school
15,Town School For Boys,37.791926,-122.440219,school
16,Katherine Michiels School,37.749866,-122.422464,school
17,New School San Francisco,37.800905,-122.415086,school
18,Starr King Elementary School,37.75324,-122.399229,school
19,Grattan Elementary School,37.76329,-122.450703,school
20,Rooftop Elementary School,37.754621,-122.443597,school
21,Paul Revere Elementary School,37.737285,-122.413051,school
22,The San Francisco School,37.732725,-122.411564,school
23,Argonne Elementary School,37.775318,-122.476569,school
24,West Portal Elementary School,37.743445,-122.464497,school
25,E R Taylor Elementary School,37.727629,-122.407251,school
26,Herbert Hoover Middle School,37.745388,-122.469412,school
27,Sunnyside Elementary School,37.730384,-122.448607,school
28,San Francisco Community Alt,37.725946,-122.432298,school
29,Presidio Middle School,37.780924,-122.489872,school
30,Leadership High School,37.721607,-122.445007,school
31,Lick Wilmerding High School,37.72237,-122.449134,school
32,Katherine Delmar Burke School,37.783669,-122.492831,school
33,Lowell High School,37.730788,-122.483799,school
34,Jose Ortega Elementary School,37.716303,-122.466464,school
35,The Brandeis School of San Francisco,37.713325,-122.475453,school
36,Fernando Rivera Intermediate School,37.676452,-122.486573,school
37,El Camino High School,37.666933,-122.44141,school
38,All Souls Catholic School,37.657254,-122.41528,school
39,South San Francisco High School,37.647806,-122.426392,school
40,Yu Ming Charter School,37.847501,-122.283584,school
41,Westlake Middle School,37.814664,-122.261088,school
42,Tamalpais Valley Elementary School,37.874053,-122.527712,school
43,Franklin Elementary School,37.793312,-122.248663,school
44,American International Montessori School,37.847364,-122.270655,school
45,Grand Lake Montessori,37.815984,-122.2509,school
46,Monte Verde Elementary,37.636386,-122.45177,school
47,Cleveland Elementary School,37.804093,-122.2439,school
48,Good Shepherd Catholic School,37.64193,-122.489095,school
49,Shu Ren International,37.870122,-122.285899,school
0,Starbucks,37.777119,-122.419416,starbucks
1,Starbucks,37.784144,-122.407429,starbucks
2,Starbucks,37.766742,-122.409414,starbucks
3,Starbucks,37.77705,-122.417333,starbucks
4,Starbucks,37.767121,-122.393738,starbucks
5,Starbucks,37.788371,-122.393555,starbucks
6,Starbucks,37.789098,-122.408438,starbucks
7,Starbucks,37.765871,-122.40327,starbucks
8,Starbucks,37.78447,-122.404008,starbucks
9,Starbucks,37.788558,-122.434715,starbucks
10,Starbucks,37.790288,-122.433886,starbucks
11,Starbucks,37.761005,-122.434723,starbucks
12,Starbucks,37.786534,-122.408216,starbucks
13,Starbucks,37.782897,-122.431441,starbucks
14,Starbucks,37.786145,-122.405612,starbucks
15,Starbucks,37.793818,-122.396678,starbucks
16,Starbucks,37.762898,-122.410549,starbucks
17,Starbucks,37.808309,-122.413086,starbucks
18,Starbucks,37.765899,-122.403343,starbucks
19,Starbucks,37.799192,-122.449395,starbucks
20,Starbucks,37.771253,-122.38925,starbucks
21,Starbucks,37.789293,-122.406729,starbucks
22,Starbucks,37.769017,-122.427967,starbucks
23,Starbucks,37.790219,-122.421982,starbucks
24,Starbucks,37.770241,-122.403384,starbucks
25,Starbucks,37.787194,-122.410692,starbucks
26,Starbucks,37.794601,-122.402669,starbucks
27,Starbucks,37.783427,-122.433049,starbucks
28,Starbucks,37.805322,-122.414988,starbucks
29,Starbucks,37.751353,-122.431652,starbucks
30,Starbucks,37.796744,-122.422081,starbucks
31,Starbucks,37.797625,-122.430406,starbucks
32,Starbucks,37.785943,-122.439864,starbucks
33,Starbucks,37.789599,-122.401872,starbucks
34,Starbucks,37.775689,-122.446208,starbucks
35,Starbucks,37.790448,-122.405722,starbucks
36,Starbucks,37.784199,-122.404135,starbucks
37,Starbucks,37.786226,-122.453212,starbucks
38,Starbucks,37.788625,-122.422318,starbucks
39,Starbucks,37.790646,-122.403867,starbucks
40,Starbucks,37.741145,-122.387696,starbucks
41,Starbucks,37.787664,-122.401113,starbucks
42,Starbucks,37.764164,-122.456344,starbucks
43,Starbucks,37.79291,-122.40429,starbucks
44,Starbucks,37.793025,-122.39978,starbucks
45,Starbucks,37.797015,-122.398007,starbucks
46,Starbucks,37.782117,-122.446733,starbucks
47,Starbucks,37.80278,-122.402936,starbucks
48,Starbucks Reserve,37.791487,-122.395101,starbucks
49,Starbucks,37.77009,-122.416062,starbucks
0,GAIL's Bakery Muswell Hill,51.590185,-0.14609,basketball-court
1,Doggy Boutique & Grooming,51.397455,-0.186146,basketball-court
2,Smart Dogs,51.482628,-0.21261,basketball-court
3,Downtown Woof,51.447689,-0.148501,basketball-court
4,Love My Hound,51.40849,-0.039107,basketball-court
5,Hot Dogs Grooming Parlour,51.647089,0.053841,basketball-court
6,Dogtastic,51.707826,-0.331201,basketball-court
7,Lovely Lucky's,51.489278,-0.117674,basketball-court
8,Doggone Fabulous,51.525196,-0.191193,basketball-court
9,Doherty Dog Training,51.466025,-0.158057,basketball-court
10,Pets in the City,51.518865,-0.218947,basketball-court
11,The Wag Club,51.552074,-0.196044,basketball-court
12,JJ's VIP PETS,51.582418,-0.098454,basketball-court
13,Cat Care Callers,51.429233,-0.126407,basketball-court
14,Love Luna,51.421279,-0.085619,basketball-court
15,K9 Couture Mobile Dog Grooming,51.598319,-0.138476,basketball-court
16,The Groom Room Hendon,51.580994,-0.245156,basketball-court
17,Curracloe,51.504431,-0.30657,basketball-court
18,Melly's Mutts,51.459742,0.040901,basketball-court
19,K 9 Grooms,51.397609,-0.186327,basketball-court
20,All Four Pets,51.420729,0.002415,basketball-court
21,The Groom Room Brentford,51.48213,-0.314275,basketball-court
22,Poochs Mobile Pamper Van,51.637194,-0.083375,basketball-court
23,Pet Universe Cat & Dog Grooming Salon,51.594867,0.056035,basketball-court
24,Pet Universe,51.594888,0.056506,basketball-court
25,Classy Canines,51.631183,0.004266,basketball-court
26,Absolutely No Tangles,51.566004,-0.35268,basketball-court
27,Puppy & Dog Training,51.655573,-0.188784,basketball-court
28,Mutleys Grooming Studio,51.391089,0.039449,basketball-court
29,Teddy Bear Dog Grooming Limited,51.455451,-0.366447,basketball-court
30,Bexleyheath Dog Grooming,51.478815,0.127803,basketball-court
31,Puppylove Grooming,51.424268,0.107074,basketball-court
32,Pawtastic Gundog Adventures,51.354553,-0.013799,basketball-court
33,Waggs Professional Dog Grooming,51.328033,-0.108707,basketball-court
34,MiGroomers Dagenham,51.564975,0.146288,basketball-court
35,Barbaras Dog Grooming,51.610261,-0.374556,basketball-court
36,Pawgeous Pooches,51.338482,-0.260109,basketball-court
37,Emma's Groom Room,51.446137,-0.424054,basketball-court
38,Purrfect Pooches,51.45238,0.177798,basketball-court
39,Dial a Dog Wash,51.696973,-0.027874,basketball-court
40,The Grooming Shed,51.701876,-0.028085,basketball-court
41,Hollywood Dogs,51.606785,0.166843,basketball-court
42,Jay-Jay Groomers,51.336645,-0.320292,basketball-court
43,Shaggy to Chic Pet Grooming Service,51.580983,0.190471,basketball-court
44,Kingsfield Dog Walkers,51.642561,-0.389362,basketball-court
45,Vanity Paws,51.565271,0.199129,basketball-court
46,Missy Pawfect Care & Grooming Service,51.304517,-0.234754,basketball-court
47,Carrie's Crufty Cuts,51.456723,0.206591,basketball-court
48,Dazzlingdogs,51.391459,0.165554,basketball-court
49,The Groom Room Walton on Thames,51.387927,-0.418045,basketball-court
0,GMH Park Netball Courts,51.49601,-0.106626,basketball-court
1,The Regal,51.491352,-0.114949,basketball-court
2,Basket Ball Court,51.525298,-0.109598,basketball-court
3,Spa Fields Basketball Court,51.52541,-0.108339,basketball-court
4,Basketball Court,51.501277,-0.086212,basketball-court
5,Netball Courts,51.536528,-0.13703,basketball-court
6,Tabard Gardens - Basketball Court,51.514811,-0.174869,basketball-court
7,Lisson Grove - Basketball Court,51.525673,-0.168182,basketball-court
8,Basketball Courts,51.487366,-0.085247,basketball-court
9,Basketball Court,51.531601,-0.079473,basketball-court
10,Clapham Common Basketball Court,51.460019,-0.142943,basketball-court
11,Basketball Court,51.525673,-0.055333,basketball-court
12,Basketball Court,51.490018,-0.228093,basketball-court
13,Ravenscourt Park Basketball Court,51.49362,-0.240106,basketball-court
14,Island Gardens Basketball Court,51.488234,-0.010596,basketball-court
15,Lindsell Street Multi-Use Games Area,51.473653,-0.013718,basketball-court
16,Basketball Court,51.546138,0.006338,basketball-court
17,Charlton Park Basketball Court,51.475096,0.039662,basketball-court
18,One Tree Hill Basketball Court,51.54438,-0.304403,basketball-court
19,Kingston College Arena,51.40759,-0.30508,basketball-court
20,Arneways Basketball Court,51.585247,0.133264,basketball-court
21,Leeming Park,51.667098,-0.281927,basketball-court
22,Wormley Netball Courts,51.734093,-0.030572,basketball-court
23,College Lane Basketball Courts,51.750856,-0.238647,basketball-court
0,Mildreds,51.513075,-0.13654,vegan-restaurant
1,Pilpel,51.514984,-0.098656,vegan-restaurant
2,Pilpel,51.514372,-0.10727,vegan-restaurant
3,Green Note,51.537312,-0.145807,vegan-restaurant
4,Mildreds,51.531322,-0.117384,vegan-restaurant
5,Satan's Whiskers,51.529475,-0.056129,vegan-restaurant
6,Purezza,51.538028,-0.144364,vegan-restaurant
7,Rochelle Canteen,51.525784,-0.074223,vegan-restaurant
8,Mildreds,51.545444,-0.074703,vegan-restaurant
9,Kin,51.519444,-0.140363,vegan-restaurant
10,Mallow,51.506277,-0.090402,vegan-restaurant
11,Mr Falafel,51.505345,-0.226776,vegan-restaurant
12,Black Cat,51.551395,-0.05559,vegan-restaurant
13,Maramia Cafe,51.522584,-0.207712,vegan-restaurant
14,Salt the Radish,51.563797,-0.10256,vegan-restaurant
15,Bluebrick Cafe,51.4568,-0.073458,vegan-restaurant
16,The Waiting Room,51.479262,-0.025944,vegan-restaurant
17,The Gallery Cafe,51.529878,-0.054419,vegan-restaurant
18,Rasa South Indian Vegetarian Restaurant,51.562072,-0.076389,vegan-restaurant
19,Mildreds Camden,51.540599,-0.144908,vegan-restaurant
20,Pipoca Vegan,51.472019,-0.112968,vegan-restaurant
21,The Spread Eagle,51.54861,-0.040705,vegan-restaurant
22,The Good Life Eatery,51.491935,-0.165311,vegan-restaurant
23,The Canvas,51.520177,-0.071502,vegan-restaurant
24,Love Shack,51.532341,-0.057313,vegan-restaurant
25,Farmacy,51.515491,-0.192777,vegan-restaurant
26,Lauderdale House,51.569327,-0.143473,vegan-restaurant
27,Bubala,51.517785,-0.074149,vegan-restaurant
28,Buhler and Co,51.590583,-0.017089,vegan-restaurant
29,Tofu Vegan,51.537773,-0.102922,vegan-restaurant
30,Neat Burger,51.514627,-0.14274,vegan-restaurant
31,Indian Veg,51.53326,-0.110525,vegan-restaurant
32,Sagar,51.512617,-0.1207,vegan-restaurant
33,222 Veggie Vegan,51.485894,-0.203033,vegan-restaurant
34,The Gate Islington,51.530255,-0.105299,vegan-restaurant
35,Amrutha Lounge,51.443629,-0.190018,vegan-restaurant
36,Jai Krishna,51.570126,-0.114289,vegan-restaurant
37,Unity Diner,51.516771,-0.073851,vegan-restaurant
38,Diwana Bhel Poori House,51.526978,-0.136515,vegan-restaurant
39,Romeo's Sugar Free Bakery,51.541657,-0.103123,vegan-restaurant
40,Wulf & Lamb,51.493548,-0.158564,vegan-restaurant
41,Farmstand,51.514349,-0.121845,vegan-restaurant
42,Vijay's Chawalla,51.538743,0.033051,vegan-restaurant
43,The Kanteen,51.575525,-0.224442,vegan-restaurant
44,The Gate,51.515127,-0.161121,vegan-restaurant
45,Govinda's Restaurant,51.515847,-0.132749,vegan-restaurant
46,We Are Vegan Everything,51.548786,-0.054707,vegan-restaurant
47,Shayona Restaurant,51.547917,-0.262834,vegan-restaurant
48,Tide Tables Cafe,51.457973,-0.306339,vegan-restaurant
49,Leon,51.51431,-0.10392,vegan-restaurant
0,Ronnie Scott's,51.51331,-0.131451,club
1,Tramp,51.508208,-0.137666,club
2,Royal Automobile Club,51.506071,-0.134752,club
3,Annabel's,51.509132,-0.146903,club
4,Ain't Nothin But Blues Bar,51.512884,-0.139495,club
5,Retro Bar,51.509123,-0.12374,club
6,Corsica Studios,51.493837,-0.09861,club
7,100 Club,51.516166,-0.135211,club
8,The Box,51.512538,-0.134119,club
9,Village Underground,51.523635,-0.078645,club
10,Duke of Wellington,51.512307,-0.133251,club
11,Cirque le Soir,51.512906,-0.139024,club
12,Ministry of Sound,51.497744,-0.09953,club
13,Maddox Club,51.512697,-0.142356,club
14,Lucky Voice Holborn,51.515777,-0.112002,club
15,Phonox,51.464424,-0.114562,club
16,Be at One,51.511789,-0.138603,club
17,Ku Bar,51.511827,-0.129606,club
18,The Scotch of St James,51.507579,-0.137224,club
19,The Social,51.517359,-0.140988,club
20,The Yard Bar,51.512067,-0.133764,club
21,The Greyhound,51.427012,-0.055266,club
22,Fabric,51.51962,-0.10252,club
23,Tape London,51.51433,-0.144478,club
24,Electric Brixton,51.460158,-0.116695,club
25,Fold,51.519323,0.003792,club
26,Oslo,51.547285,-0.055623,club
27,Heaven,51.508129,-0.124161,club
28,St Moritz Restaurant,51.514446,-0.134974,club
29,Eagle London,51.486225,-0.119346,club
30,The Friendly Society,51.512363,-0.133218,club
31,The Steelyard,51.510136,-0.090236,club
32,The Cuckoo Club,51.509979,-0.137963,club
33,The Old Blue Last,51.524328,-0.080055,club
34,Bethnal Green Working Men's Club,51.528152,-0.063804,club
35,Two Brewers,51.463107,-0.134757,club
36,Chelsea Arts Club,51.487878,-0.174547,club
37,The Wilmington,51.526141,-0.110093,club
38,Vault 139,51.52357,-0.138862,club
39,Proud Embankment,51.510094,-0.11793,club
40,E1 London,51.508744,-0.060152,club
41,The Big Chill House,51.531038,-0.12003,club
42,Maggie's,51.486209,-0.180137,club
43,The Exmouth Arms,51.527889,-0.136694,club
44,Metropolis,51.532362,-0.056842,club
45,Drama,51.505474,-0.149949,club
46,Xoyo,51.525468,-0.085864,club
47,Market House,51.461488,-0.113692,club
48,Egg,51.541777,-0.125224,club
49,Electric Ballroom,51.539608,-0.142945,club
0,Wormholt Park Primary School,51.511722,-0.238485,school
1,Notre Dame R C Girls School,51.49711,-0.106231,school
2,Eaton House School,51.494096,-0.154935,school
3,Westminster Academy,51.521012,-0.192724,school
4,Parliament Hill School,51.557948,-0.149846,school
5,Hampstead Hill School,51.55344,-0.167805,school
6,St Eugene De Mazenod,51.540921,-0.193926,school
7,Belleville School,51.457437,-0.163447,school
8,Herne Hill School,51.454651,-0.09891,school
9,Salusbury Primary School,51.535937,-0.205658,school
10,The Petchey Academy,51.552317,-0.06978,school
11,Alleyn's School,51.454886,-0.082121,school
12,Melcombe Primary School,51.48607,-0.221146,school
13,Central Foundation Girls' School,51.527931,-0.028222,school
14,Grazebrook Primary School,51.564187,-0.083348,school
15,Clapton Girls' Academy,51.554153,-0.051984,school
16,Coleridge Primary School,51.57559,-0.12719,school
17,King Alfred School,51.56942,-0.184771,school
18,Beatrix Potter School,51.443937,-0.182331,school
19,Canary Wharf College,51.490301,-0.013911,school
20,Dunraven School,51.433275,-0.119841,school
21,James Wolfe Primary School,51.479712,-0.012497,school
22,Kingsdale Foundation School,51.432194,-0.084842,school
23,Southmead Primary School,51.445263,-0.216198,school
24,Henrietta Barnett School,51.581103,-0.189408,school
25,Albemarle Primary School,51.442025,-0.213675,school
26,Coldfall Primary School,51.596646,-0.153714,school
27,Grove Park Primary School,51.484816,-0.271625,school
28,John Ball Primary School,51.466181,0.006332,school
29,Tudor School,51.599986,-0.177463,school
30,Sherington Primary School,51.480252,0.025704,school
31,Gwyn Jones Primary School,51.573069,0.003188,school
32,Holy Trinity Primary School & Nursery Unit,51.463405,-0.285667,school
33,Wimbledon Chase Primary School,51.412882,-0.212647,school
34,Wren Academy,51.613836,-0.167839,school
35,Ursuline High School,51.415136,-0.223353,school
36,Grange Primary School,51.503038,-0.305122,school
37,Ealing Independent College,51.512307,-0.308314,school
38,Walthamstow Academy,51.59955,-0.024354,school
39,Churchfields Primary School,51.403616,-0.048554,school
40,Frith Manor Primary School,51.614873,-0.201627,school
41,Notting Hill and Ealing High School - Junior Dept,51.519736,-0.31601,school
42,Coombe Girls School,51.410359,-0.263268,school
43,West Grove Primary School,51.636734,-0.125701,school
44,Claremont High School,51.584027,-0.293413,school
45,Orleans Infant School,51.452479,-0.321463,school
46,Orleans Park School,51.449849,-0.320944,school
47,Latchmere School,51.422578,-0.294303,school
48,St Agatha's Catholic Primary School,51.422036,-0.293167,school
49,Glenthorne High School,51.380625,-0.200615,school
0,Starbucks,51.510355,-0.1392,starbucks
1,Starbucks,51.512244,-0.121751,starbucks
2,Starbucks,51.507335,-0.1425,starbucks
3,Starbucks,51.502156,-0.117629,starbucks
4,Starbucks,51.508822,-0.144252,starbucks
5,Starbucks,51.50748,-0.122999,starbucks
6,Starbucks,51.512795,-0.13323,starbucks
7,Starbucks,51.516658,-0.129233,starbucks
8,Starbucks,51.514765,-0.150258,starbucks
9,Starbucks,51.513847,-0.117479,starbucks
10,Starbucks,51.51603,-0.143995,starbucks
11,Starbucks,51.51525,-0.135126,starbucks
12,Starbucks,51.518223,-0.125809,starbucks
13,Starbucks,51.514974,-0.137584,starbucks
14,Starbucks,51.499107,-0.135596,starbucks
15,Starbucks,51.498155,-0.132786,starbucks
16,Starbucks,51.517606,-0.14267,starbucks
17,Starbucks,51.516379,-0.120061,starbucks
18,Starbucks,51.514722,-0.126655,starbucks
19,Starbucks,51.515096,-0.130274,starbucks
20,Starbucks,51.503994,-0.109461,starbucks
21,Starbucks,51.494366,-0.146806,starbucks
22,Starbucks,51.525303,-0.128282,starbucks
23,Starbucks,51.492549,-0.148642,starbucks
24,Starbucks,51.499091,-0.133591,starbucks
25,Starbucks,51.520625,-0.134698,starbucks
26,Starbucks,51.494811,-0.143057,starbucks
27,Starbucks,51.492085,-0.165586,starbucks
28,Starbucks,51.524302,-0.138234,starbucks
29,Starbucks,51.522518,-0.156906,starbucks
30,Starbucks,51.521644,-0.15707,starbucks
31,Starbucks,51.521461,-0.143533,starbucks
32,Starbucks,51.518983,-0.168947,starbucks
33,Starbucks,51.506533,-0.100135,starbucks
34,Starbucks,51.522366,-0.135655,starbucks
35,Starbucks,51.480623,-0.128149,starbucks
36,Starbucks,51.4951,-0.144988,starbucks
37,Starbucks,51.499957,-0.104317,starbucks
38,Starbucks,51.525909,-0.154938,starbucks
39,Starbucks,51.504097,-0.075432,starbucks
40,Starbucks,51.523856,-0.123299,starbucks
41,Starbucks,51.51388,-0.149514,starbucks
42,Starbucks,51.501276,-0.161106,starbucks
43,Starbucks,51.503216,-0.113413,starbucks
44,Starbucks,51.508128,-0.101911,starbucks
45,Starbucks,51.530942,-0.122104,starbucks
46,Starbucks,51.516394,-0.103293,starbucks
47,Starbucks,51.514326,-0.152723,starbucks
48,Starbucks,51.514575,-0.143871,starbucks
49,Starbucks,51.514974,-0.137584,starbucks
